{
  "companyId": "b7848c51-0711-4f1e-891a-dd8c0b75ceeb",
  "authTokenExpireIds": [],
  "createdDate": 1660084331346,
  "currentVersion": 0,
  "customerId": "80009e32ab4b6770aa70959a9efab032",
  "deployedDate": 1650041573971,
  "description": "Default hello from DV widget that's displayed on main page",
  "flowStatus": "enabled",
  "inputSchemaCompiled": {
    "parameters": {
      "type": "object",
      "properties": {
        "Name": {
          "description": "Description1",
          "preferredDataType": "string",
          "isExpanded": true,
          "type": "string",
          "name": "Name"
        }
      },
      "additionalProperties": false,
      "required": []
    }
  },
  "isInputSchemaSaved": true,
  "isOutputSchemaSaved": false,
  "name": "BXG - Hello",
  "publishedVersion": 0,
  "updatedDate": 1660084331337,
  "flowId": "80bbeffb008333483b8e0d452a2bdde8",
  "versionId": 0,
  "graphData": {
    "elements": {
      "nodes": [
        {
          "data": {
            "id": "8ljf6cz14v",
            "nodeType": "CONNECTION",
            "connectionId": "867ed4363b2bc21c860085ad2baa817d",
            "connectorId": "httpConnector",
            "name": "Http",
            "label": "Generic HTTP",
            "status": "configured",
            "capabilityName": "customHTMLTemplate",
            "type": "trigger",
            "properties": {
              "customHTML": {
                "value": "[\n  {\n    \"children\": [\n      {\n        \"text\": \"<h1>Hello from DaVinci!</h1>\"\n      }\n    ]\n  }\n]"
              }
            }
          },
          "position": {
            "x": 277,
            "y": 236
          },
          "group": "nodes",
          "removed": false,
          "selected": false,
          "selectable": true,
          "locked": false,
          "grabbable": true,
          "pannable": false,
          "classes": ""
        }
      ]
    },
    "data": {},
    "zoomingEnabled": true,
    "userZoomingEnabled": true,
    "zoom": 1,
    "minZoom": 1e-50,
    "maxZoom": 1e+50,
    "panningEnabled": true,
    "userPanningEnabled": true,
    "pan": {
      "x": 0,
      "y": 0
    },
    "boxSelectionEnabled": true,
    "renderer": {
      "name": "null"
    }
  },
  "inputSchema": [
    {
      "propertyName": "Name",
      "description": "Description1",
      "preferredDataType": "string",
      "preferredControlType": "textField",
      "isExpanded": true
    }
  ],
  "flowColor": "#58DFFF",
  "connectorIds": [
    "httpConnector"
  ],
  "variables": [],
  "connections": []
}